name.title,name.first,name.last,gender,dob,location.street,location.city,location.state,location.postcode,email,phone
ms,violet,hansen,female,1962-12-14 07:02:53,1889 hamilton ave,gainesville,hawaii,23760,violet.hansen@example.com,(351)-531-1184
mrs,connie,holland,female,1947-07-11 23:08:40,1633 brown terrace,los angeles,alaska,31808,connie.holland@example.com,(416)-686-3872
ms,denise,beck,female,1965-05-21 12:38:20,9431 elgin st,jacksonville,indiana,16847,denise.beck@example.com,(084)-994-7117
ms,leah,howard,female,1975-09-05 18:56:17,1560 white oak dr,scottsdale,north carolina,90322,leah.howard@example.com,(056)-526-1366
mr,ritthy,rogers,male,1976-01-17 11:14:45,7189 cherry st,oxnard,north dakota,79268,ritthy.rogers@example.com,(244)-538-8545
mr,larry,wright,male,1984-12-26 21:21:03,7410 w pecan st,elko,nevada,92029,larry.wright@example.com,(321)-024-9406
mrs,diana,willis,female,1946-03-01 04:49:57,8981 adams st,odessa,illinois,54186,diana.willis@example.com,(178)-483-2948
mr,jamie,rogers,male,1963-09-06 00:04:38,5598 woodland st,sunnyvale,nevada,39630,jamie.rogers@example.com,(269)-880-0720
ms,ava,davidson,female,1958-08-31 21:31:40,6577 shady ln dr,amarillo,tennessee,52117,ava.davidson@example.com,(491)-031-3354
ms,misty,bailey,female,1989-06-10 22:52:51,2459 spring st,raleigh,rhode island,13401,misty.bailey@example.com,(659)-144-7921
