name.title,name.first,name.last,gender,dob,location.street,location.city,location.state,location.postcode,email,phone
mr,jeff,warren,male,1949-05-14 02:33:02,9669 paddock way,jacksonville,hawaii,94285,jeff.warren@example.com,(817)-751-0922
mr,shane,austin,male,1979-09-21 19:34:13,4365 e pecan st,new haven,west virginia,51236,shane.austin@example.com,(600)-194-4323
mr,kirk,king,male,1952-01-06 21:47:38,6636 parker rd,mckinney,nevada,74688,kirk.king@example.com,(818)-122-5128
mr,sergio,freeman,male,1987-07-21 15:58:03,4854 preston rd,daly city,arkansas,13063,sergio.freeman@example.com,(583)-732-1876
mrs,melinda,lowe,female,1975-07-21 14:15:08,2415 e pecan st,edgewood,michigan,84242,melinda.lowe@example.com,(929)-324-6792
mrs,aubree,shelton,female,1954-08-25 20:26:15,9902 brown terrace,inglewood,hawaii,50509,aubree.shelton@example.com,(706)-652-3540
mr,ross,dean,male,1950-06-09 18:13:21,7809 pockrus page rd,thornton,virginia,61711,ross.dean@example.com,(060)-509-0578
mr,andrew,kim,male,1960-12-04 15:42:55,4418 bruce st,rochmond,new york,88193,andrew.kim@example.com,(810)-599-5439
mr,claude,robinson,male,1961-07-17 23:41:13,5322 bruce st,overland park,north carolina,98129,claude.robinson@example.com,(015)-880-7919
mrs,beverley,simpson,female,1954-12-05 00:22:04,6607 hogan st,high point,new hampshire,40074,beverley.simpson@example.com,(195)-796-4437
