name.title,name.first,name.last,gender,dob,location.street,location.city,location.state,location.postcode,email,phone
mr,patrick,matthews,male,1976-12-13 03:01:37,2597 frances ct,everett,arkansas,19852,patrick.matthews@example.com,(147)-224-4062
mr,lonnie,williams,male,1945-07-03 07:58:08,7847 paddock way,las cruces,wyoming,26699,lonnie.williams@example.com,(954)-674-2772
miss,pearl,moreno,female,1974-08-12 20:26:13,5151 avondale ave,everett,maine,94166,pearl.moreno@example.com,(577)-846-1666
mr,francisco,wright,male,1986-07-28 08:26:22,5994 royal ln,cape fear,maryland,70669,francisco.wright@example.com,(459)-206-6007
miss,june,armstrong,female,1973-09-02 09:24:57,8495 preston rd,elgin,illinois,83731,june.armstrong@example.com,(513)-375-4200
mr,terrance,hamilton,male,1980-11-25 06:44:14,9512 wycliff ave,belen,pennsylvania,94206,terrance.hamilton@example.com,(740)-174-2410
mr,dennis,burns,male,1991-01-02 19:45:50,6510 valwood pkwy,ann arbor,delaware,38677,dennis.burns@example.com,(327)-317-6104
mr,kent,webb,male,1950-10-04 08:26:06,9740 groveland terrace,tempe,south carolina,84134,kent.webb@example.com,(078)-496-1300
mr,clarence,welch,male,1988-02-14 22:24:53,8430 e north st,murfreesboro,nevada,31707,clarence.welch@example.com,(898)-700-3996
mrs,sara,howard,female,1968-09-22 18:12:04,7515 depaul dr,baton rouge,north carolina,14048,sara.howard@example.com,(912)-075-7852
