name.title,name.first,name.last,gender,dob,location.street,location.city,location.state,location.postcode,email,phone
mr,raymond,welch,male,1949-06-01 22:15:47,5591 groveland terrace,shiloh,kentucky,68132,raymond.welch@example.com,(829)-923-2000
mrs,joann,hughes,female,1992-10-10 13:59:13,5908 fairview st,fremont,colorado,82253,joann.hughes@example.com,(548)-624-9592
mr,darren,elliott,male,1991-07-21 08:44:03,5824 crockett st,el paso,idaho,86492,darren.elliott@example.com,(517)-774-8029
ms,rosa,rivera,female,1947-05-21 09:39:59,6189 w dallas st,bernalillo,arizona,16729,rosa.rivera@example.com,(827)-945-2846
mr,jeremiah,oliver,male,1950-02-15 16:42:08,7135 hunters creek dr,burbank,south carolina,16684,jeremiah.oliver@example.com,(552)-106-2118
miss,june,rice,female,1984-01-17 00:16:48,7297 w belt line rd,baltimore,oregon,55751,june.rice@example.com,(009)-302-1587
mr,zachary,gordon,male,1962-05-11 18:08:38,9969 w 6th st,oklahoma city,utah,74692,zachary.gordon@example.com,(826)-645-4575
mr,frederick,bailey,male,1964-04-24 13:45:19,7050 valley view ln,anchorage,washington,59809,frederick.bailey@example.com,(211)-895-0451
mrs,cathy,payne,female,1984-09-14 11:32:47,1972 mockingbird ln,inglewood,oklahoma,59437,cathy.payne@example.com,(887)-509-9922
mr,eric,foster,male,1969-06-17 19:56:33,2008 w dallas st,gainesville,virginia,25751,eric.foster@example.com,(891)-029-1342
