name.title,name.first,name.last,gender,dob,location.street,location.city,location.state,location.postcode,email,phone
mr,same,mckinney,male,1978-09-15 20:13:09,1467 smokey ln,wichita,pennsylvania,27001,same.mckinney@example.com,(045)-056-0745
mr,tyler,bradley,male,1970-05-11 05:49:36,7691 bollinger rd,lewisville,florida,27442,tyler.bradley@example.com,(416)-922-9616
mr,angel,day,male,1991-11-30 09:28:39,2889 hunters creek dr,cape fear,iowa,66243,angel.day@example.com,(428)-726-6521
mr,jacob,warren,male,1973-12-08 03:42:25,5295 northaven rd,princeton,virginia,13993,jacob.warren@example.com,(677)-812-4221
miss,sharlene,rodriguez,female,1972-04-17 15:16:09,8632 walnut hill ln,plano,maryland,19452,sharlene.rodriguez@example.com,(823)-491-3234
mr,salvador,barnes,male,1971-01-25 12:15:58,8083 lakeview st,chattanooga,oklahoma,33040,salvador.barnes@example.com,(159)-511-5742
miss,naomi,harris,female,1951-07-06 02:06:25,9239 stevens creek blvd,farmers branch,nebraska,13538,naomi.harris@example.com,(658)-850-2143
mr,carlos,barnes,male,1993-01-20 23:24:48,2691 poplar dr,abilene,virginia,68187,carlos.barnes@example.com,(688)-740-1993
mr,earl,watson,male,1988-07-27 10:28:39,8240 e north st,independence,utah,30998,earl.watson@example.com,(324)-762-4815
mr,howard,perry,male,1959-10-16 13:15:14,1192 poplar dr,montgomery,alaska,89379,howard.perry@example.com,(491)-668-6048
