name.title,name.first,name.last,gender,dob,location.street,location.city,location.state,location.postcode,email,phone
mrs,jennifer,frazier,female,1959-12-12 06:29:09,3001 wheeler ridge dr,palm bay,missouri,90827,jennifer.frazier@example.com,(322)-563-2558
mr,manuel,welch,male,1954-08-26 16:01:06,9275 westheimer rd,west palm beach,texas,50090,manuel.welch@example.com,(851)-183-0350
mr,ethan,rice,male,1979-09-02 10:58:42,1497 ash dr,louisville,new york,36564,ethan.rice@example.com,(547)-697-5586
mr,tyrone,hudson,male,1975-04-15 08:04:04,9282 w gray st,alexandria,california,99064,tyrone.hudson@example.com,(468)-322-9863
mr,dustin,andrews,male,1958-07-27 12:13:51,3199 spring st,richmond,oklahoma,23467,dustin.andrews@example.com,(719)-820-2885
mr,aiden,wood,male,1977-01-30 04:43:29,2954 shady ln dr,syracuse,maryland,35700,aiden.wood@example.com,(619)-789-2684
mr,charles,lucas,male,1964-01-12 04:29:25,7691 samaritan dr,murfreesboro,kansas,47488,charles.lucas@example.com,(881)-939-5946
mr,barry,burton,male,1948-08-11 04:44:34,2624 adams st,clarksville,alabama,19533,barry.burton@example.com,(380)-174-4393
miss,candice,elliott,female,1993-03-10 14:01:52,5748 spring hill rd,bernalillo,florida,38392,candice.elliott@example.com,(000)-907-4809
ms,doris,woods,female,1957-09-10 20:48:49,2708 hillcrest rd,cleveland,colorado,44714,doris.woods@example.com,(978)-653-3265
