name.title,name.first,name.last,gender,dob,location.street,location.city,location.state,location.postcode,email,phone
mr,alan,may,male,1971-08-13 21:16:58,5321 royal ln,richmond,texas,58622,alan.may@example.com,(825)-225-4965
ms,sue,mills,female,1972-07-24 21:37:56,6814 dane st,pittsburgh,montana,51667,sue.mills@example.com,(416)-261-3902
mrs,emily,barnett,female,1962-01-14 15:56:27,3893 bruce st,rockford,north dakota,61927,emily.barnett@example.com,(667)-134-0780
mr,mike,jennings,male,1989-09-03 10:26:41,1777 brown terrace,dallas,kansas,94012,mike.jennings@example.com,(159)-199-4025
mrs,kim,wood,female,1981-01-13 04:36:58,9469 blossom hill rd,toledo,alaska,19908,kim.wood@example.com,(539)-066-0399
mr,joel,morgan,male,1977-11-21 23:20:33,9235 hillcrest rd,montgomery,oregon,31766,joel.morgan@example.com,(567)-806-5783
mr,christian,ferguson,male,1959-06-09 11:26:56,6833 forest ln,spokane,montana,16584,christian.ferguson@example.com,(787)-720-8892
mr,michael,hall,male,1975-04-04 18:00:16,9014 nowlin rd,anna,tennessee,55929,michael.hall@example.com,(313)-159-3849
mr,jerome,phillips,male,1961-01-12 05:23:27,9154 cackson st,concord,new jersey,54000,jerome.phillips@example.com,(361)-964-3073
mrs,lisa,carlson,female,1961-12-29 21:09:07,1331 ranchview dr,elizabeth,arizona,79548,lisa.carlson@example.com,(320)-818-8035
