name.title,name.first,name.last,gender,dob,location.street,location.city,location.state,location.postcode,email,phone
mr,mitchell,taylor,male,1953-10-24 16:37:22,9508 groveland terrace,frederick,maine,30421,mitchell.taylor@example.com,(616)-199-4525
mr,levi,herrera,male,1969-08-15 07:27:14,5579 w 6th st,santa ana,georgia,38509,levi.herrera@example.com,(559)-043-9038
mrs,lucy,cox,female,1962-05-23 07:21:24,3112 e little york rd,south bend,oklahoma,86804,lucy.cox@example.com,(517)-940-1530
miss,marie,reid,female,1949-08-23 10:34:12,2818 e north st,vancouver,california,65833,marie.reid@example.com,(348)-847-4993
miss,megan,pena,female,1955-02-01 10:38:59,1147 plum st,lakeland,arkansas,65841,megan.pena@example.com,(032)-110-2723
miss,teresa,clark,female,1964-10-27 06:03:16,1061 photinia ave,mobile,utah,61113,teresa.clark@example.com,(503)-336-4829
mr,gene,garrett,male,1958-08-23 19:12:05,6406 locust rd,norwalk,colorado,33301,gene.garrett@example.com,(996)-984-0964
mr,jason,lawrence,male,1956-04-01 14:44:46,1356 poplar dr,farmers branch,indiana,92460,jason.lawrence@example.com,(436)-702-9289
mr,ethan,carpenter,male,1984-06-21 05:45:27,5158 prospect rd,durham,texas,52681,ethan.carpenter@example.com,(044)-098-7355
mr,jonathan,young,male,1984-12-18 19:19:39,5787 preston rd,minneapolis,mississippi,52700,jonathan.young@example.com,(123)-116-0623
