name.title,name.first,name.last,gender,dob,location.street,location.city,location.state,location.postcode,email,phone
mr,stanley,murray,male,1949-10-12 03:34:04,6236 lone wolf trail,boston,hawaii,14378,stanley.murray@example.com,(617)-410-7316
ms,regina,fleming,female,1980-01-26 06:25:58,3938 e center st,rockford,north dakota,94467,regina.fleming@example.com,(788)-314-1027
mr,soham,mckinney,male,1947-02-27 21:22:12,7630 valley view ln,albany,kentucky,57561,soham.mckinney@example.com,(829)-076-4286
mr,david,fleming,male,1948-03-19 21:25:35,7928 eason rd,springfield,utah,32823,david.fleming@example.com,(772)-259-5897
miss,herminia,jimenez,female,1977-01-24 23:43:08,2339 homestead rd,baton rouge,ohio,46423,herminia.jimenez@example.com,(570)-003-0729
mr,edward,peck,male,1961-07-03 05:15:36,1113 oak lawn ave,vancouver,new york,37292,edward.peck@example.com,(342)-380-2681
miss,beverly,ramos,female,1985-07-21 07:45:10,6952 plum st,wilmington,rhode island,71175,beverly.ramos@example.com,(585)-473-6203
mr,mark,knight,male,1956-12-13 17:19:02,7116 poplar dr,santa clara,pennsylvania,47874,mark.knight@example.com,(994)-212-2510
mr,timmothy,curtis,male,1956-05-19 11:18:49,5132 westheimer rd,bakersfield,connecticut,37941,timmothy.curtis@example.com,(184)-786-8164
mr,dan,gomez,male,1964-04-09 05:08:33,8470 w gray st,norfolk,illinois,22529,dan.gomez@example.com,(438)-272-7707
