name.title,name.first,name.last,gender,dob,location.street,location.city,location.state,location.postcode,email,phone
mr,arron,horton,male,1961-12-28 04:02:15,6068 daisy dr,hollywood,kentucky,26563,arron.horton@example.com,(461)-495-4298
miss,heather,elliott,female,1989-11-11 20:32:12,4116 harrison ct,edgewood,tennessee,12563,heather.elliott@example.com,(127)-880-4872
mr,alfredo,morgan,male,1958-09-19 21:17:16,6791 hamilton ave,woodbridge,hawaii,67910,alfredo.morgan@example.com,(317)-342-1316
mr,hector,wood,male,1992-07-25 16:28:05,6662 hillcrest rd,riverside,new york,94803,hector.wood@example.com,(990)-458-7089
ms,catherine,curtis,female,1993-06-04 04:24:15,1368 karen dr,everett,oregon,82306,catherine.curtis@example.com,(268)-096-0240
mr,jordan,morris,male,1975-12-15 08:18:03,8513 preston rd,montgomery,new mexico,50381,jordan.morris@example.com,(476)-571-3988
mr,randall,rogers,male,1948-06-10 09:57:14,2108 edwards rd,huntsville,new jersey,39084,randall.rogers@example.com,(423)-138-8845
mr,mathew,marshall,male,1993-06-23 09:59:19,1688 washington ave,escondido,arkansas,72660,mathew.marshall@example.com,(612)-867-9292
mr,eddie,sims,male,1973-10-28 16:19:56,6970 oak ridge ln,farmers branch,virginia,62973,eddie.sims@example.com,(680)-548-6470
mrs,alicia,harris,female,1970-11-29 06:11:07,8599 spring st,dayton,georgia,75622,alicia.harris@example.com,(780)-141-8195
