name.title,name.first,name.last,gender,dob,location.street,location.city,location.state,location.postcode,email,phone
mr,david,lawrence,male,1979-04-17 08:31:28,4386 miller ave,waterbury,new hampshire,52868,david.lawrence@example.com,(440)-495-5230
mr,chester,howard,male,1992-05-28 02:05:07,7281 hunters creek dr,arvada,california,84698,chester.howard@example.com,(688)-002-8504
mr,harry,hill,male,1944-09-11 02:12:16,3363 green rd,broken arrow,south carolina,89501,harry.hill@example.com,(010)-943-0261
miss,melanie,washington,female,1973-01-12 21:35:32,8727 blossom hill rd,seagoville,massachusetts,80449,melanie.washington@example.com,(450)-807-7698
ms,kenzi,green,female,1989-12-29 06:47:48,1902 frances ct,escondido,new jersey,37023,kenzi.green@example.com,(326)-203-5249
mrs,lauren,ortiz,female,1969-05-16 02:21:24,5565 eason rd,altoona,rhode island,54871,lauren.ortiz@example.com,(051)-265-1734
ms,courtney,russell,female,1989-05-26 21:25:57,6768 pecan acres ln,houston,colorado,19685,courtney.russell@example.com,(829)-685-1597
miss,jamie,coleman,female,1963-10-19 11:04:09,4109 paddock way,santa ana,north dakota,99469,jamie.coleman@example.com,(458)-603-4937
mr,marshall,montgomery,male,1958-01-13 05:27:10,3361 country club rd,reno,missouri,47032,marshall.montgomery@example.com,(791)-991-8456
mr,lee,sanchez,male,1989-03-29 03:44:51,4204 fairview st,salinas,alaska,99691,lee.sanchez@example.com,(822)-430-0878
