name.title,name.first,name.last,gender,dob,location.street,location.city,location.state,location.postcode,email,phone
mrs,mabel,george,female,1982-06-28 19:06:44,4392 hillcrest rd,madison,ohio,58988,mabel.george@example.com,(903)-070-6414
mrs,andrea,horton,female,1991-12-25 20:46:59,9004 cherry st,las vegas,arizona,58592,andrea.horton@example.com,(342)-917-6364
miss,ellen,ryan,female,1993-03-16 23:35:09,6227 dogwood ave,belen,wyoming,65551,ellen.ryan@example.com,(047)-172-4027
mr,marshall,webb,male,1951-05-07 17:25:31,9389 samaritan dr,antioch,colorado,39348,marshall.webb@example.com,(791)-003-5023
mr,raymond,jennings,male,1979-01-28 15:52:39,9263 railroad st,erie,iowa,34298,raymond.jennings@example.com,(754)-187-7870
miss,sophie,horton,female,1963-05-30 10:35:03,9981 pockrus page rd,caldwell,nebraska,95473,sophie.horton@example.com,(534)-426-8134
mr,clarence,curtis,male,1976-10-30 06:11:41,2369 lakeview st,los lunas,utah,44578,clarence.curtis@example.com,(867)-903-2510
mr,steve,torres,male,1945-01-08 18:31:18,3008 brown terrace,shreveport,arkansas,44228,steve.torres@example.com,(761)-537-6344
mrs,tara,bennett,female,1949-05-16 00:36:33,9544 dane st,rancho cucamonga,michigan,44341,tara.bennett@example.com,(170)-464-1524
mrs,miriam,olson,female,1992-08-31 05:49:24,8476 spring hill rd,shiloh,illinois,52369,miriam.olson@example.com,(639)-446-0854
