name.title,name.first,name.last,gender,dob,location.street,location.city,location.state,location.postcode,email,phone
mr,brent,peterson,male,1978-01-15 14:48:28,1445 samaritan dr,seagoville,new hampshire,10079,brent.peterson@example.com,(662)-405-5070
mr,sebastian,collins,male,1955-03-27 05:02:45,6761 e sandy lake rd,joliet,nebraska,28228,sebastian.collins@example.com,(917)-737-2824
mr,hector,webb,male,1951-11-29 11:32:55,8638 ranchview dr,boston,alabama,30619,hector.webb@example.com,(932)-665-3314
mr,keith,dean,male,1994-08-28 12:13:26,8009 valley view ln,joliet,utah,50159,keith.dean@example.com,(979)-632-7997
mr,jordan,morris,male,1975-12-15 08:18:03,8513 preston rd,montgomery,new mexico,50381,jordan.morris@example.com,(476)-571-3988
mr,tyrone,porter,male,1946-07-02 08:52:57,7932 lakeshore rd,reno,california,22176,tyrone.porter@example.com,(196)-505-9802
miss,melanie,cooper,female,1958-11-17 12:07:49,5513 railroad st,orange,nebraska,76476,melanie.cooper@example.com,(514)-036-1403
mrs,terra,ellis,female,1983-04-26 10:38:46,8615 washington ave,ventura,texas,38413,terra.ellis@example.com,(437)-388-1469
mr,herman,flores,male,1981-06-25 02:58:11,9342 fairview st,saint paul,montana,72778,herman.flores@example.com,(485)-904-5068
mr,isaiah,carlson,male,1964-07-01 04:35:14,8499 bruce st,albuquerque,north carolina,62886,isaiah.carlson@example.com,(093)-014-0011
