name.title,name.first,name.last,gender,dob,location.street,location.city,location.state,location.postcode,email,phone
mr,alan,burke,male,1976-04-24 03:19:48,6863 spring st,riverside,nevada,39785,alan.burke@example.com,(404)-566-7202
mr,paul,olson,male,1949-12-24 07:31:37,2843 adams st,evansville,maryland,78250,paul.olson@example.com,(093)-650-8005
mr,dwight,wallace,male,1952-02-02 21:41:40,4538 e center st,worcester,maryland,28470,dwight.wallace@example.com,(669)-941-8844
mr,arron,mcdonalid,male,1985-06-17 13:10:39,8306 w sherman dr,mckinney,alaska,82871,arron.mcdonalid@example.com,(933)-003-4477
ms,jill,ray,female,1974-01-18 16:51:21,4858 hickory creek dr,kent,colorado,22424,jill.ray@example.com,(415)-679-9700
mr,barry,mendoza,male,1988-01-08 00:21:57,4030 adams st,moreno valley,pennsylvania,70213,barry.mendoza@example.com,(571)-927-1755
mr,byron,hart,male,1960-07-03 08:24:37,3493 harrison ct,coppell,kentucky,61875,byron.hart@example.com,(597)-117-4953
mrs,melanie,gibson,female,1985-04-28 20:53:46,6899 railroad st,peoria,iowa,24017,melanie.gibson@example.com,(924)-091-1103
mrs,miriam,bradley,female,1955-09-10 06:04:21,2026 e little york rd,santa clarita,tennessee,90416,miriam.bradley@example.com,(797)-326-5909
mr,ethan,beck,male,1971-03-04 07:12:04,8257 e north st,palmdale,oregon,21387,ethan.beck@example.com,(983)-043-9440
